{
  "active": false,
    "changes": [
      {
        "date": "04/11/2019",
        "description": "Desactivado"
      },
      {
        "date": "25/01/2018",
        "description": "Primera version"
      }
  ],
  "find_videos": {
    "ignore_urls": [],
    "patterns": [
      {
        "pattern": "streamcherry.com/(?:embed|f)/([0-9a-zA-Z-_]+)",
        "url": "http://streamcherry.com/f/\\1"
      }
    ]
  },
  "free": true,
  "id": "streamcherry",
  "name": "Streamcherry",
  "settings": [],
  "version": 3
}