{
  "active": false,
    "changes": [
      {
        "date": "04/11/2019",
        "description": "Desactivado"
      },
      {
        "date": "16/08/2018",
        "description": "Videos con comprobacion de referer"
      },
      {
        "date": "22/02/2018",
        "description": "Muestra mensaje si el archivo no existe"
      },
      {
        "date": "01/12/2017",
        "description": "Primera version"
      }
  ],
  "find_videos": {
    "ignore_urls": [
    ],
    "patterns": [
      {
        "pattern": "streamango.com/(?:embed|f)/([a-z0-9]+)",
        "url": "http://streamango.com/embed/\\1"
      }
    ]
  },
  "free": true,
  "id": "streamango",
  "name": "Streamango",
  "settings": [],
  "version": 5
}