{
    "active": false,
    "changes": [
      {
        "date": "04/11/2019",
        "description": "Desactivado"
      },
      {
        "date": "20/10/2019",
        "description": "Añadido dominio woof.tube"
      },
      {
        "date": "06/06/2019",
        "description": "Corrección del patrón"
      },
      {
        "date": "29/05/2019",
        "description": "Primera version"
      }
    ],
    "find_videos": {
      "ignore_urls": [],
      "patterns": [
        {
          "pattern": "(verystream.com|woof.tube)/(?:stream|e)/([A-z0-9]+)",
          "url": "https://\\1/e/\\2/"
        }
      ]
    },
    "free": true,
    "id": "verystream",
    "name": "Verystream",
    "settings": [],
    "version": 4
}