<?xml version="1.0" encoding="UTF-8" standalone="yes"?>
<addon id="plugin.video.musicando" name="Musicando" version="1.0.0" provider-name="Catoal"> 
  <requires>
    <import addon="xbmc.python" version="2.1.0"/>
    <import addon="script.module.addon.common" version="2.0.0"/>
    <import addon="plugin.video.youtube" version="5.0.0"/>
  </requires>
  <extension point="xbmc.python.pluginsource" library="pulse.py">
    <provides>audio video</provides>
  </extension>
  <extension point="xbmc.addon.metadata">
    <summary lang="es">Los Mejores Videos de YouTube. </summary>
    <description lang="es">Los videos mas destacados de la red.</description>
    <description lang="en"></description>
    <disclaimer lang="en"></disclaimer>
    <platform>all</platform>
    <forum>n/a</forum>
    <website>n/a</website>
  </extension>
</addon>