<?xml version="1.0" encoding="UTF-8" standalone="yes"?>
<addon id="script.module.gothamadult" name="Gotham Adult" version="1.0.0" provider-name="Gotham">
    <requires>
        <import addon="xbmc.python" version="2.1.0"/>
        <import addon="script.module.requests" version="1.1.0"/>
        <import addon="script.module.t0mm0.common" version="1.1.0"/>
    </requires>
    <extension point="xbmc.python.pluginsource" library="default.py">
        <provides>all</provides>
    </extension>
    <extension point="xbmc.addon.metadata">
		<platform>all</platform>
		<license>http://www.gnu.org/licenses/</license>
    </extension>
</addon>
