<?xml version="1.0" encoding="UTF-8" standalone="yes"?>
<addon id="script.maverick.pairwith"
  name="Maverick Pair With"
  version="1.6" 
  provider-name="Maverick">
  <requires>
    <import addon="xbmc.python" version="2.1.0"/>
  </requires>
  <extension point="xbmc.python.script" library="addon.py">
    <provides>executable</provides>
  </extension>
  <extension point="xbmc.addon.metadata">
    <platform>all</platform>
    <summary lang="en">Maverick Pair With</summary>
    <description lang="en">Maverick Pair With</description>
	<disclaimer>Maverick Pair With</disclaimer>
  </extension>
</addon>
