<categories>
	<category>
		<label>All Killer No Filler</label>
		<thumb>g4TJbZU.jpg</thumb>
		<banner>Ff0oHDL.jpg</banner>
		<fanart>G5PYNPY.jpg</fanart>
		<logo>CCLp2v5.png</logo>
		<plot>All Killer No Filler gamelist people who are interested in quality over quantity.[CR]Yes its subjective, but I trust the judgement of people with a passion for a genre.[CR]This is not about listing every game.  That would put us right back up to scrolling through thousands of games, most of which suck.[CR]Arcade games only, plain old joystick controls only.</plot>
		<trailer>EFhii04Piww</trailer>
	</category>
	<category>
		<label>Griffin518s Best of Arcade</label>
		<thumb>66YzGnK.jpg</thumb>
		<banner>rfCYCbf.jpg</banner>
		<fanart>G5PYNPY.jpg</fanart>
		<logo>Auk2SQD.png</logo>
		<plot>Griffin518s list was developed for a 2-player cabinet with standard orientation, 8-way joysticks and six buttons per player. There is no trackball or spinner on the control panel. So that being said, following are the requirements kept in mind:[CR]Top 350-ish working arcade games (totally subjective, of course)[CR]Based on official MAME database[CR]Im in the US and think the US loading screens are cool, so Ive included most US clones instead of parents (exception being where parent version is much preferred)[CR]2-player clones of 3+ player games are included instead of parents (ex: TMNT and X-Men)[CR]No driving, spinner, dial, trackball, analog, or really custom control games (apologies to many great games).</plot>
		<trailer>EFhii04Piww</trailer>
	</category>
	<category>
		<label>Arcade Manager Classics Lite Analog</label>
		<thumb>sy8ZLYB.jpg</thumb>
		<banner>3PwbvWL.jpg</banner>
		<fanart>G5PYNPY.jpg</fanart>
		<logo>os8vmdb.png</logo>
		<plot>About 50 classic games that can be played with a modern analog gamepad (Playstation, Xbox)</plot>
		<trailer>EFhii04Piww</trailer>
	</category>
	<category>
		<label>Arcade Manager Classics Lite No Analog</label>
		<thumb>52AVbBE.jpg</thumb>
		<banner>Rtr04X9.jpg</banner>
		<fanart>G5PYNPY.jpg</fanart>
		<logo>peohyXV.png</logo>
		<plot>About 50 classic games that can be played with an old gamepad or arcade stick</plot>
		<trailer>EFhii04Piww</trailer>
	</category>
	<category>
		<label>Arcade Manager Classics Analog</label>
		<thumb>Ej167Ar.jpg</thumb>
		<banner>HDdX4RJ.jpg</banner>
		<fanart>G5PYNPY.jpg</fanart>
		<logo>WsVC5ZW.png</logo>
		<plot>About 200 to 300 games that can be played with a modern analog gamepad (Playstation, Xbox)</plot>
		<trailer>EFhii04Piww</trailer>
	</category>
	<category>
		<label>Arcade Manager Classics No Analog</label>
		<thumb>jN5MfFh.jpg</thumb>
		<banner>Xt2mupC.jpg</banner>
		<fanart>G5PYNPY.jpg</fanart>
		<logo>E4VTHlM.png</logo>
		<plot>About 200 to 300 games that can be played with an old gamepad or arcade stick</plot>
		<trailer>EFhii04Piww</trailer>
	</category>
	<category>
		<label>Arcade Manager Lite Analog</label>
		<thumb>sy8ZLYB.jpg</thumb>
		<banner>3PwbvWL.jpg</banner>
		<fanart>G5PYNPY.jpg</fanart>
		<logo>os8vmdb.png</logo>
		<plot>All working games, excluding clones and console games, that can be played with a modern analog gamepad (Playstation, Xbox)</plot>
		<trailer>EFhii04Piww</trailer>
	</category>
	<category>
		<label>Arcade Manager Lite No Analog</label>
		<thumb>52AVbBE.jpg</thumb>
		<banner>Rtr04X9.jpg</banner>
		<fanart>G5PYNPY.jpg</fanart>
		<logo>peohyXV.png</logo>
		<plot>All working games, excluding clones and console games, that can be played with an old gamepad or arcade stick</plot>
		<trailer>EFhii04Piww</trailer>
	</category>
	<category>
		<label>Arcade Manager Alternative Controls</label>
		<thumb>bP4PnkF.jpg</thumb>
		<banner>w9mVDYt.jpg</banner>
		<fanart>G5PYNPY.jpg</fanart>
		<logo>RZ5VWs0.png</logo>
		<plot>All games having alternative controllers: lightgun, 2 or 3 joysticks, etc.</plot>
		<trailer>EFhii04Piww</trailer>
	</category>
	<category>
		<label>Arcade Manager Analog Controls</label>
		<thumb>Jetn3C6.jpg</thumb>
		<banner>POrxZ4a.jpg</banner>
		<fanart>G5PYNPY.jpg</fanart>
		<logo>rLR0ZuX.png</logo>
		<plot>All games having analog controllers: wheel, dial, trackball, etc.</plot>
		<trailer>EFhii04Piww</trailer>
	</category>
	<category>
		<label>Arcade Manager Pad Controls</label>
		<thumb>wCnrZV4.jpg</thumb>
		<banner>oZSA3wS.jpg</banner>
		<fanart>G5PYNPY.jpg</fanart>
		<logo>FjpezvH.png</logo>
		<plot>All games that can be controlled with a modern analog pad</plot>
		<trailer>EFhii04Piww</trailer>
	</category>
	<category>
		<label>Arcade Manager Stick Controls</label>
		<thumb>p0IUv5i.jpg</thumb>
		<banner>SQmi8zW.jpg</banner>
		<fanart>G5PYNPY.jpg</fanart>
		<logo>HOIipge.png</logo>
		<plot>All games that can be controlled with an arcade stick</plot>
		<trailer>EFhii04Piww</trailer>
	</category>
	<category>
		<label>Arcade Manager Consoles Only</label>
		<thumb>J1k32DB.jpg</thumb>
		<banner>90RhlMp.jpg</banner>
		<fanart>G5PYNPY.jpg</fanart>
		<logo>bS3jF54.png</logo>
		<plot>All console and console-derived games: NeoGeo, Playchoice 10, Nintendo vs, etc.</plot>
		<trailer>EFhii04Piww</trailer>
	</category>
	<category>
		<label>Arcade Manager Good Clones Only</label>
		<thumb>3ZCKr5P.jpg</thumb>
		<banner>fBMFbvs.jpg</banner>
		<fanart>G5PYNPY.jpg</fanart>
		<logo>P0hqSGv.png</logo>
		<plot>Clones that work while the parent does not</plot>
		<trailer>EFhii04Piww</trailer>
	</category>
	<category>
		<label>Arcade Manager High Performance</label>
		<thumb>MNUflh2.jpg</thumb>
		<banner>Kef8cjs.jpg</banner>
		<fanart>G5PYNPY.jpg</fanart>
		<logo>H7uHwRn.png</logo>
		<plot>All games too modern to run on a Raspberry Pi (basically all 3D games)</plot>
		<trailer>EFhii04Piww</trailer>
	</category>
	<category>
		<label>AntoPISA Quality 0-10</label>
		<thumb>QQbIEeq.jpg</thumb>
		<banner>0P8mMTl.jpg</banner>
		<fanart>G5PYNPY.jpg</fanart>
		<logo>ZG9nB9L.png</logo>
		<plot>All games marked as quality 0-10 by AntoPISA</plot>
		<trailer>EFhii04Piww</trailer>
	</category>
	<category>
		<label>AntoPISA Quality 10-20</label>
		<thumb>pmcddBa.jpg</thumb>
		<banner>5MNemsQ.jpg</banner>
		<fanart>G5PYNPY.jpg</fanart>
		<logo>xydabIA.png</logo>
		<plot>All games marked as quality 10-20 by AntoPISA</plot>
		<trailer>EFhii04Piww</trailer>
	</category>
	<category>
		<label>AntoPISA Quality 20-30</label>
		<thumb>A4iF3iq.jpg</thumb>
		<banner>vkIZvxa.jpg</banner>
		<fanart>G5PYNPY.jpg</fanart>
		<logo>PfFUxX8.png</logo>
		<plot>All games marked as quality 20-30 by AntoPISA</plot>
		<trailer>EFhii04Piww</trailer>
	</category>
	<category>
		<label>AntoPISA Quality 30-40</label>
		<thumb>TPLmW8p.jpg</thumb>
		<banner>TJqQOxm.jpg</banner>
		<fanart>G5PYNPY.jpg</fanart>
		<logo>Pagcx0q.png</logo>
		<plot>All games marked as quality 30-40 by AntoPISA</plot>
		<trailer>EFhii04Piww</trailer>
	</category>
	<category>
		<label>AntoPISA Quality 40-50</label>
		<thumb>iiqO238.jpg</thumb>
		<banner>sU65TZt.jpg</banner>
		<fanart>G5PYNPY.jpg</fanart>
		<logo>JIR4Yj3.png</logo>
		<plot>All games marked as quality 40-50 by AntoPISA</plot>
		<trailer>EFhii04Piww</trailer>
	</category>
	<category>
		<label>AntoPISA Quality 50-60</label>
		<thumb>xci5VZT.jpg</thumb>
		<banner>vItiuch.jpg</banner>
		<fanart>G5PYNPY.jpg</fanart>
		<logo>4nAFVsh.png</logo>
		<plot>All games marked as quality 50-60 by AntoPISA</plot>
		<trailer>EFhii04Piww</trailer>
	</category>
	<category>
		<label>AntoPISA Quality 60-70</label>
		<thumb>6VBL40V.jpg</thumb>
		<banner>qL2fG59.jpg</banner>
		<fanart>G5PYNPY.jpg</fanart>
		<logo>mhtAE4p.png</logo>
		<plot>All games marked as quality 60-70 by AntoPISA</plot>
		<trailer>EFhii04Piww</trailer>
	</category>
	<category>
		<label>AntoPISA Quality 70-80</label>
		<thumb>DVSWrmT.jpg</thumb>
		<banner>0UANBK6.jpg</banner>
		<fanart>G5PYNPY.jpg</fanart>
		<logo>GgWTj4N.png</logo>
		<plot>All games marked as quality 70-80 by AntoPISA</plot>
		<trailer>EFhii04Piww</trailer>
	</category>
	<category>
		<label>AntoPISA Quality 80-90</label>
		<thumb>3HK55r3.jpg</thumb>
		<banner>LpVIPLN.jpg</banner>
		<fanart>G5PYNPY.jpg</fanart>
		<logo>qCIPfH7.png</logo>
		<plot>All games marked as quality 80-90 by AntoPISA</plot>
		<trailer>EFhii04Piww</trailer>
	</category>
	<category>
		<label>AntoPISA Quality 90-100</label>
		<thumb>Jb8UYej.jpg</thumb>
		<banner>TJJnxdo.jpg</banner>
		<fanart>G5PYNPY.jpg</fanart>
		<logo>RloiiFL.png</logo>
		<plot>All games marked as quality 90-100 by AntoPISA</plot>
		<trailer>EFhii04Piww</trailer>
	</category>
	<category>
		<label>Parent</label>
		<thumb>3MhX9vn.jpg</thumb>
		<banner>rKs0z79.jpg</banner>
		<fanart>G5PYNPY.jpg</fanart>
		<logo>hK47YeD.png</logo>
		<plot>Arcade games identified as the parent.  In a given game set, usually (but not necessarily) the most recent bugfixed World revision of a game, will be designated as the parent.</plot>
		<trailer>EFhii04Piww</trailer>
	</category>
	<category>
		<label>Clone</label>
		<thumb>6o22sqR.jpg</thumb>
		<banner>7hV2ng9.jpg</banner>
		<fanart>G5PYNPY.jpg</fanart>
		<logo>UhPIYu4.png</logo>
		<plot>Arcade games identified as the clone.  In a given game set, usually (but not necessarily) the most recent bugfixed World revision of a game, will be designated as the parent.  All sets that use mostly the same chips (e.g. Japanese Puckman and USA/World Pac-Man) will be clones that contain only the changed data compared to the parent set.</plot>
		<trailer>EFhii04Piww</trailer>
	</category>
	<category>
		<label>Neo Geo</label>
		<thumb>3zfe25L.jpg</thumb>
		<banner>dzhGDLm.jpg</banner>
		<fanart>TMP2YTu.jpg</fanart>
		<logo>EOj2JKD.png</logo>
		<trailer>uCT5Q49O_x8</trailer>
		<plot>Neo Geo is a family of video game hardware developed by SNK. On the market from 1990 to 2004, the brand originated with the release of an arcade system, the Neo Geo MVS and its home console counterpart, the Neo Geo AES. Both the arcade system and console were powerful for the time and the AES allows for perfect compatibility of games released for the MVS.  The high price point for both the AES console and its games prevented it from directly competing with its contemporaries, the Sega Genesis, Super NES, and TurboGrafx-16. However, the MVS arcade became very successful in stores in Japan and North America.</plot>
	</category>
	<category>
		<label>CPS 1</label>
		<thumb>vkLGKge.jpg</thumb>
		<banner>EtdURJ8.jpg</banner>
		<fanart>SFUjxqt.jpg</fanart>
		<logo>palxcYl.png</logo>
		<trailer>kOuPzhZ3MTg</trailer>
		<plot>The CP System or CPS-1 is an arcade system board developed by Capcom that ran game software stored on removable ROM cartridges. More than two dozen arcade titles were released for CPS-1.</plot>
	</category>
	<category>
		<label>CPS 2</label>
		<thumb>r22pCQi.jpg</thumb>
		<banner>gHm1Xry.jpg</banner>
		<fanart>FSRYYSE.jpg</fanart>
		<logo>g3VNSBi.png</logo>
		<trailer>Lw4x2mq7c3Y</trailer>
		<plot>The CP System II or CPS-2 is an arcade system board that Capcom first used in 1993 for Super Street Fighter II. It was the successor to their previous CP System and Capcom Power System Changer arcade hardware and was succeeded by the CP System III hardware in 1996, of which the CPS-2 would outlive by over four years. The arcade system had new releases for it until the end of 2003, ending with Hyper Street Fighter II.</plot>
	</category>
	<category>
		<label>Unknown</label>
		<thumb>fYMsybe.jpg</thumb>
		<banner>pc540fV.jpg</banner>
		<fanart>G5PYNPY.jpg</fanart>
		<logo>nQfTbZq.png</logo>
		<plot>These games have an unknown custom grouping or no custom grouping was identified</plot>
		<trailer>EFhii04Piww</trailer>
	</category>
	<category>
		<label>default</label>
		<thumb>fYMsybe.jpg</thumb>
		<banner>pc540fV.jpg</banner>
		<fanart>G5PYNPY.jpg</fanart>
		<logo>nQfTbZq.png</logo>
		<plot></plot>
		<trailer>EFhii04Piww</trailer>
	</category>
</categories>