<?xml version="1.0" encoding="UTF-8" standalone="yes"?>
<addon id="plugin.program.advancedsettings"
       name="Easy Advanced Settings"
       version="0.9.2"
       provider-name="kinkin">
    <requires>
        <import addon="xbmc.python" version="2.1.0"/>
    </requires>
    <extension point="xbmc.python.pluginsource"
               	library="default.py">
        <provides>executable</provides>
    </extension>
    <extension point="xbmc.addon.metadata">
        <platform>all</platform>
        <summary>Erstellen, betrachten, bearbeiten und löschen Sie Ihre Datei advancedsettings.xml in einer benutzerfreundlichen GUI</summary>
        <description>
Alle Einstellungen folgen dem xbmc.org Wiki [CR] [CR] Mit diesem Tool können Sie Ihre erweiterten Einstellungen direkt von XBMC erstellen [CR] [CR] Wenn Sie nicht wissen, was eine Einstellung tut, aktivieren Sie sie nicht!</description>
        <platform>all</platform>
        <language>en</language>
        <license>GNU GENERAL PUBLIC LICENSE</license>
        <forum></forum>
        <website></website>
        <source></source>
        <email></email>
    </extension>
	
</addon>
