<?xml version="1.0" encoding="UTF-8" standalone="yes"?>
<addon id="plugin.video.chillout"
	name="Chill Out"
	version="1.1.1"
	provider-name="KODIMAN / HSK - DE">
  <requires>
    <import addon="xbmc.python" version="2.1.0"/>
    <import addon="script.module.addon.common" version="2.0.0"/>
    <import addon="plugin.video.youtube" version="5.0.0"/>
  </requires>
  <extension point="xbmc.python.pluginsource" library="default.py">
    <provides>video</provides>
  </extension>
  <extension point="xbmc.addon.metadata">
    <summary lang="en">Ambiente / Chill Out - Videos</summary>
    <description lang="en">Besucht uns im Forum: https://forum.kodiman.company/ oder auf Facebook: https://www.facebook.com/groups/hskde/
	PayPal Spenden an: ungatonga@kodiman.eu</description>
    <platform>all</platform>
  </extension>
</addon>
