<?xml version="1.0" encoding="UTF-8" standalone="yes"?>
<addon id="plugin.video.joker2.0" version="0.1.1.8" name="[B][COLOR red]Joker[/COLOR][/B] [B][COLOR aqua]2.0[/COLOR][/B]" provider-name="Joker">
   <requires>
        <import addon="xbmc.python" version="2.19.0" />
        <import addon="script.module.joker2.0" />
        <import addon="script.joker2.0.artwork" />
        <import addon="script.joker2.0.metadata" />
        <import addon="script.module.resolveurl" />
        <import addon="script.module.requests" />
        <import addon="script.module.metahandler" />
		<import addon="script.module.openscrapers" version="0.0.1.82" />
    </requires>
    <extension point="xbmc.python.pluginsource" library="joker.py">
        <provides>video</provides>
    </extension>
    <extension point="xbmc.service" library="service.py" start="startup" />
	<extension point="kodi.context.item">
		<menu id="kodi.core.main">
			<menu>
				<label>Joker 2.0</label>
				<item library="context_toggle.py">
					<label>Preferred toggle</label>
					<visible>!System.HasAddon(context.mtb.vr8fg8b) + !Skin.HasSetting(Toggling)</visible>
				</item>
				<item library="context_movie.py">
					<label>$ADDON[plugin.video.joker2.0 30602]</label>
					<visible>StringCompare(ListItem.dbtype,movie) + SubString(ListItem.Path, plugin.video.joker2.0)</visible>
				</item>
				<item library="context_tvshow.py">
					<label>$ADDON[plugin.video.joker2.0 30602]</label>
					<visible>StringCompare(ListItem.dbtype,tvshow) + SubString(ListItem.Path, plugin.video.joker2.0)</visible>
				</item>
			</menu>
		</menu>
	</extension>	
    <extension point="xbmc.addon.metadata">
		<summary lang="en">Joker 2.0 Streaming Addon</summary>
		<disclaimer lang="en">The authors of this addon do not host any of the content which is found and have no affiliation with any of the content providers. This addon simply searches websites for content. Use at your own risk!</disclaimer>
		<description lang="en">Joker 2.0 Streaming Addon</description>
    <platform>all</platform>
    <license>GNU GENERAL PUBLIC LICENSE. Version 3, 29 June 2007</license>
    <assets>
        <icon>icon.png</icon>
        <fanart>fanart.jpg</fanart>
    </assets>
    <news></news>
    </extension>
</addon>